<application>
  <component name="GeneralSettings">
    <option name="autoSaveIfInactive" value="true" />
    <option name="confirmExit" value="false" />
    <option name="confirmOpenNewProject2" value="0" />
    <option name="inactiveTimeout" value="10" />
    <option name="processCloseConfirmation" value="DISCONNECT" />
    <option name="showTipsOnStartup" value="false" />
  </component>
  <component name="Registry">
    <entry key="SBT.system.in.process" value="true" />
    <entry key="debugger.watches.in.variables" value="false" />
    <entry key="ide.mac.allowDarkWindowDecorations" value="true" />
    <entry key="ide.tooltip.initialDelay" value="203" />
    <entry key="git.explicit.commit.renames.prohibit.multiple.calls" value="false" />
  </component>
  <component name="StatusBar">
    <option name="widgets">
      <map>
        <entry key="Memory" value="true" />
      </map>
    </option>
  </component>
</application>